Keyword,search_volume,competition,cpc,month1,month2,month3,month4,month5,month6,month7,month8,month9,month10,month11,month12
concert tickets,8700,0.82,1.65,7800,8000,8300,8600,9200,9600,9800,9700,9400,9000,8500,8200
music festivals 2025,6500,0.75,1.42,5800,6000,6200,6500,6900,7200,7400,7300,7000,6700,6300,6000
taylor swift tour,12500,0.89,2.15,11500,11800,12000,12500,13000,13500,13800,13500,13200,12800,12300,12000
live music near me,7200,0.68,1.28,6500,6700,6900,7200,7600,7900,8100,8000,7700,7400,7000,6700
cheap concert tickets,4800,0.76,1.55,4300,4400,4600,4800,5100,5300,5400,5300,5100,4900,4600,4400
stadium seating chart,3200,0.45,0.92,2900,3000,3100,3200,3400,3500,3600,3500,3400,3200,3100,3000
how to get front row tickets,2700,0.38,0.98,2500,2550,2650,2700,2850,2950,3000,2950,2850,2700,2600,2500
ticketmaster fees,3500,0.42,1.05,3200,3300,3400,3500,3700,3800,3900,3800,3700,3500,3400,3300
concert safety tips,1900,0.32,0.85,1700,1750,1800,1900,2000,2100,2150,2100,2000,1900,1800,1750
beyonce tour dates,9800,0.85,1.92,8900,9100,9400,9800,10300,10700,10900,10700,10300,9900,9500,9200
best music venues in nyc,2200,0.58,1.28,2000,2050,2100,2200,2300,2400,2450,2400,2300,2200,2100,2050
vip concert packages,3100,0.72,2.05,2800,2900,3000,3100,3300,3400,3500,3400,3300,3100,3000,2900
how to save on concert tickets,2500,0.45,1.15,2300,2350,2400,2500,2600,2700,2750,2700,2600,2500,2400,2350
summer music festivals,5400,0.69,1.45,4800,4900,5200,5400,5800,6100,6300,6100,5800,5500,5200,5000
ed sheeran vs coldplay concert,1300,0.52,1.32,1100,1150,1200,1300,1400,1450,1500,1450,1400,1300,1200,1150
what to wear to a concert,4100,0.56,1.12,3700,3800,3900,4100,4300,4500,4600,4500,4300,4100,3900,3800
glastonbury festival tickets,4500,0.78,1.68,4000,4100,4300,4500,4800,5000,5100,5000,4800,4500,4300,4100
coachella vs lollapalooza,1800,0.62,1.38,1600,1650,1700,1800,1900,2000,2050,2000,1900,1800,1700,1650
concert ticket insurance,1250,0.47,1.22,1100,1150,1200,1250,1300,1350,1400,1350,1300,1250,1200,1150
stubhub concert tickets,3800,0.79,1.65,3400,3500,3600,3800,4000,4200,4300,4200,4000,3800,3600,3500
reselling concert tickets,2100,0.59,1.35,1900,1950,2000,2100,2200,2300,2350,2300,2200,2100,2000,1950
live nation presale code,4900,0.81,1.72,4400,4500,4700,4900,5200,5400,5500,5400,5200,4900,4700,4500
how long are concerts,3300,0.29,0.82,3000,3100,3200,3300,3500,3600,3700,3600,3500,3300,3200,3100
bad bunny tour 2025,7800,0.82,1.85,7000,7200,7500,7800,8200,8500,8700,8500,8200,7900,7500,7200
acl festival lineup,3600,0.65,1.32,3200,3300,3400,3600,3800,4000,4100,4000,3800,3600,3400,3300
rolling loud tickets,6200,0.73,1.58,5600,5800,6000,6200,6500,6800,6900,6800,6500,6200,6000,5800
best seats at madison square garden,1950,0.54,1.18,1800,1850,1900,1950,2050,2100,2150,2100,2050,1950,1900,1850
concert ear protection,1450,0.33,0.89,1300,1350,1400,1450,1500,1550,1600,1550,1500,1450,1400,1350
buy adele concert tickets,5100,0.88,2.25,4600,4700,4900,5100,5400,5600,5700,5600,5400,5100,4900,4700
barclays center seating chart,2800,0.52,1.05,2500,2600,2700,2800,3000,3100,3200,3100,3000,2800,2700,2600
how to meet artists after concert,1750,0.36,0.92,1600,1650,1700,1750,1850,1900,1950,1900,1850,1750,1700,1650
festival camping tips,2300,0.41,0.95,2000,2100,2200,2300,2500,2600,2700,2600,2500,2300,2200,2100
ticketmaster website,5800,0.78,1.42,5300,5400,5600,5800,6100,6300,6400,6300,6100,5800,5600,5400
best outdoor concert venues,1900,0.49,1.08,1700,1750,1800,1900,2000,2100,2150,2100,2000,1900,1800,1750
livenation vs ticketmaster,2200,0.38,0.98,2000,2050,2100,2200,2300,2400,2450,2400,2300,2200,2100,2050
compare concert ticket prices,3200,0.62,1.35,2900,3000,3100,3200,3400,3500,3600,3500,3400,3200,3100,3000
what time do concerts end,2500,0.31,0.78,2300,2350,2400,2500,2600,2700,2750,2700,2600,2500,2400,2350
harry styles tour review,2900,0.58,1.32,2600,2700,2800,2900,3100,3200,3300,3200,3100,2900,2800,2700
concert photography tips,1500,0.35,0.92,1350,1400,1450,1500,1600,1650,1700,1650,1600,1500,1450,1400
seatgeek vs stubhub,2700,0.56,1.28,2400,2500,2600,2700,2850,2950,3000,2950,2850,2700,2600,2500
fan club presale tickets,3100,0.68,1.42,2800,2900,3000,3100,3300,3400,3500,3400,3300,3100,3000,2900
are binoculars allowed at concerts,980,0.29,0.78,880,910,950,980,1030,1080,1100,1080,1030,980,950,920
best time to buy concert tickets,3600,0.53,1.22,3200,3300,3400,3600,3800,4000,4100,4000,3800,3600,3400,3300
concert ticket gift ideas,1350,0.48,1.15,1200,1230,1280,1350,1450,1500,1550,1500,1450,1350,1300,1250
official coldplay website,4200,0.82,1.58,3800,3900,4050,4200,4400,4600,4700,4600,4400,4200,4100,4000
sold out concert tickets,3900,0.79,1.68,3500,3600,3750,3900,4100,4300,4400,4300,4100,3900,3800,3700
travis scott mosh pit,2450,0.62,1.28,2200,2250,2350,2450,2600,2700,2750,2700,2600,2450,2350,2300
premium concert experiences,1800,0.68,1.82,1600,1650,1700,1800,1900,2000,2050,2000,1900,1800,1700,1650
music festival survival guide,2650,0.39,0.95,2400,2450,2550,2650,2800,2900,2950,2900,2800,2650,2550,2500
concert ticket protection plan,1200,0.42,1.12,1080,1120,1160,1200,1270,1320,1350,1320,1270,1200,1150,1120
when do concert tickets go on sale,4300,0.58,1.28,3900,4000,4150,4300,4500,4700,4800,4700,4500,4300,4200,4100
bringing children to concerts,1650,0.35,0.88,1500,1550,1600,1650,1750,1800,1850,1800,1750,1650,1600,1550
concert vs studio versions,920,0.28,0.75,830,860,890,920,980,1020,1050,1020,980,920,890,860
red rocks amphitheatre seating,1400,0.49,1.15,1250,1300,1350,1400,1500,1550,1600,1550,1500,1400,1350,1300
waiting in line for concert,1050,0.32,0.82,950,980,1020,1050,1120,1160,1180,1160,1120,1050,1020,980
best concert earplugs,1350,0.45,1.05,1200,1250,1300,1350,1450,1500,1550,1500,1450,1350,1300,1250
accessible seating at concerts,980,0.32,0.85,880,910,950,980,1040,1080,1100,1080,1040,980,950,920
how early to arrive at concert,2900,0.35,0.92,2600,2700,2800,2900,3100,3200,3300,3200,3100,2900,2800,2700
